{"cameraMode":{"drawMode":0,"name":"Shaded","section":"Shading Mode"},"sceneLighting":true,"audioPlay":false,"sceneViewState":{"showFog":true,"showMaterialUpdate":true,"showSkybox":true,"showFlares":true,"showImageEffects":true,"showParticleSystems":true},"in2DMode":false,"pivot":{"x":-709.460205078125,"y":12.883569717407227,"z":576.5361328125},"rotation":{"x":-0.006144176237285137,"y":0.7995473146438599,"z":0.008132499642670155,"w":0.6007581949234009},"size":3.777021646499634,"orthographic":false}